<?xml version="1.0" encoding="UTF-8"?>

<!-- * i18n-l10n.xml * * Copyright (C) 2019 Universidad de Sevilla * * The 
	use of this project is hereby constrained to the conditions of the * TDG 
	Licence, a copy of which you may download from * http://www.tdg-seville.info/License.html -->

<beans xmlns="http://www.springframework.org/schema/beans"
	xmlns:xsi="http://www.w3.org/2001/XMLSchema-instance" xmlns:util="http://www.springframework.org/schema/util"
	xsi:schemaLocation="
		http://www.springframework.org/schema/beans http://www.springframework.org/schema/beans/spring-beans-4.0.xsd
		http://www.springframework.org/schema/util http://www.springframework.org/schema/util/spring-util-4.0.xsd 
	">

	<util:list id="messages">
		<value>/views/master-page/messages</value>
		<value>/views/misc/messages</value>
		<value>/views/security/messages</value>
		<value>/views/welcome/messages</value>
		<value>/views/terms/messages</value>

		<value>/views/administrator/messages</value>
		<value>/views/scientist/messages</value>
		<value>/views/customer/messages</value>

		<value>/views/irobot/messages</value>
		<value>/views/finder/messages</value>
		<value>/views/purchase/messages</value>
		<value>/views/comment/messages</value>
		<value>/views/sytemconfiguration/messages</value>
	</util:list>

</beans>