<?xml version="1.0" encoding="UTF-8"?>

<!-- * security.xml * * Copyright (C) 2019 Universidad de Sevilla * * The 
	use of this project is hereby constrained to the conditions of the * TDG 
	Licence, a copy of which you may download from * http://www.tdg-seville.info/License.html -->

<beans xmlns="http://www.springframework.org/schema/beans"
	xmlns:xsi="http://www.w3.org/2001/XMLSchema-instance" xmlns:security="http://www.springframework.org/schema/security"
	xsi:schemaLocation="
		http://www.springframework.org/schema/beans http://www.springframework.org/schema/beans/spring-beans-4.0.xsd		
        http://www.springframework.org/schema/security http://www.springframework.org/schema/security/spring-security-3.2.xsd
    ">

	<!-- Security infrastructure -->

	<bean id="loginService" class="security.LoginService" />

	<bean id="passwordEncoder"
		class="org.springframework.security.authentication.encoding.Md5PasswordEncoder" />

	<!-- Access control -->

	<security:http auto-config="true" use-expressions="true">
		<security:intercept-url pattern="/" access="permitAll" />

		<security:intercept-url pattern="/favicon.ico"
			access="permitAll" />
		<security:intercept-url pattern="/images/**"
			access="permitAll" />
		<security:intercept-url pattern="/scripts/**"
			access="permitAll" />
		<security:intercept-url pattern="/styles/**"
			access="permitAll" />

		<security:intercept-url pattern="/views/misc/index.jsp"
			access="permitAll" />
		<security:intercept-url pattern="/security/login.do"
			access="permitAll" />
		<security:intercept-url pattern="/security/loginFailure.do"
			access="permitAll" />
		<security:intercept-url pattern="/welcome/index.do"
			access="permitAll" />
		<security:intercept-url pattern="/terms.do"
			access="isAuthenticated()" />
			
		<security:intercept-url pattern="/iRobot/list.do"
			access="permitAll" />
		<security:intercept-url pattern="/iRobot/display.do"
			access="permitAll" />
		<security:intercept-url pattern="/iRobot/create.do"
			access="hasRole('SCIENTIST')" />
		<security:intercept-url pattern="/iRobot/edit.do"
			access="hasRole('SCIENTIST')" />
		<security:intercept-url pattern="/iRobot/action.do"
			access="hasRole('SCIENTIST')" />

		<security:intercept-url pattern="/finder/search.do"
			access="hasRole('CUSTOMER')" />
		<security:intercept-url pattern="/finder/anon/search.do"
			access="!hasRole('CUSTOMER')" />

		<security:intercept-url pattern="/purchase/display.do"
			access="hasRole('CUSTOMER')" />
		<security:intercept-url pattern="/purchase/list.do"
			access="hasAnyRole('CUSTOMER','SCIENTIST')" />
		<security:intercept-url pattern="/purchase/create.do"
			access="hasRole('CUSTOMER')" />
		<security:intercept-url pattern="/purchase/edit.do"
			access="hasRole('CUSTOMER')" />

		<security:intercept-url pattern="/customer/display.do"
			access="hasRole('CUSTOMER')" />
		<security:intercept-url pattern="/customer/edit.do"
			access="hasRole('CUSTOMER')" />
		<security:intercept-url pattern="/customer/export.do"
			access="hasRole('CUSTOMER')" />
			
		<security:intercept-url pattern="/scientist/display.do"
			access="permitAll" />
		<security:intercept-url pattern="/scientist/list.do"
			access="permitAll" />
		<security:intercept-url pattern="/scientist/edit.do"
			access="hasRole('SCIENTIST')" />
		<security:intercept-url pattern="/scientist/export.do"
			access="hasRole('SCIENTIST')" />

		<security:intercept-url pattern="/statistics/display.do"
			access="hasRole('ADMIN')" />	
		<security:intercept-url pattern="/administrator/display.do"
			access="hasRole('ADMIN')" />
		<security:intercept-url pattern="/administrator/edit.do"
			access="hasRole('ADMIN')" />
		<security:intercept-url pattern="/administrator/register.do"
			access="hasRole('ADMIN')" />
		<security:intercept-url pattern="/administrator/export.do"
			access="hasRole('ADMIN')" />
		<security:intercept-url pattern="/config/admin/display.do"
			access="hasRole('ADMIN')" />
		<security:intercept-url pattern="/config/admin/edit.do"
			access="hasRole('ADMIN')" />
			
		<security:intercept-url pattern="/customer/register.do"
			access="isAnonymous()" />
		<security:intercept-url pattern="/scientist/register.do"
			access="isAnonymous()" />

		<security:intercept-url pattern="/comment/create.do"
			access="isAuthenticated()" />
		<security:intercept-url pattern="/comment/edit.do"
			access="isAuthenticated()" />

		<security:intercept-url pattern="/**"
			access="hasRole('NONE')" />

		<security:form-login login-page="/security/login.do"
			password-parameter="password" username-parameter="username"
			authentication-failure-url="/security/loginFailure.do" />

		<security:logout logout-success-url="/"
			invalidate-session="true" />
	</security:http>

</beans>