<?xml version="1.0" encoding="UTF-8"?>

<!-- 
	* InitialiseDatabase.xml 
	* 
	* Copyright (C) 2019 Universidad de Sevilla 
	* 
	* The use of this project is hereby constrained to the conditions of the 
	* TDG Licence, a copy of which you may download from http://www.tdg-seville.info/License.html 
-->

<beans xmlns="http://www.springframework.org/schema/beans"
	xmlns:xsi="http://www.w3.org/2001/XMLSchema-instance" xmlns:util="http://www.springframework.org/schema/util"
	xsi:schemaLocation="
    http://www.springframework.org/schema/util http://www.springframework.org/schema/util/spring-util-3.0.xsd
    http://www.springframework.org/schema/beans http://www.springframework.org/schema/beans/spring-beans.xsd">

	<!-- User accounts -->

	<bean id="userAdmin1" class="security.UserAccount">
		<property name="username" value="admin" />
		<property name="password" value="21232f297a57a5a743894a0e4a801fc3" />
		<property name="authorities">
			<list>
				<bean class="security.Authority">
					<property name="authority" value="ADMIN" />
				</bean>
			</list>
		</property>
	</bean>
	
	<!-- ADMINISTATOR -->
	
	<bean id="administrator1" class="domain.Administrator">
		<property name="name" value="Boros" />
		<property name="surname" value="Dominator of the Universe" />
		<property name="photo"
			value="https://vignette.wikia.nocookie.net/onepunchman/images/c/ce/Boros_color.jpg/revision/latest?cb=20151017212925" />
		<property name="email" value="boros@" />
		<property name="phoneNumber" value="+34666666666" />
		<property name="address" value="C/ Collapsing Star Roaring Cannon" />
		<property name="userAccount" ref="userAdmin1" />
	</bean>
	
	<!-- SYSTEM CONFIGURATION -->

	<bean id="systemConfiguration" class="domain.SystemConfiguration">
		<property name="systemName" value="Acme-iRobot" />
		<property name="banner" value="https://i.ibb.co/6Bpvwck/acme-irobot.png" />
		<property name="countryCode" value="+034"></property>
		<property name="makers" value="VISA,MASTERCARD,DINNERS,AMEX"/>
		<property name="welcomeMessage">
			<util:map id="utilmap1" map-class="java.util.HashMap"
				key-type="java.lang.String" value-type="java.lang.String">
				<entry key="English"
					value="Welcome to Acme iRobot!Welcome to a new era of computing" />
				<entry key="Español"
					value="¡Bienvenidos a Acme iRobot! ¡Bienvenidos a una nueva era de la computación!" />
			</util:map>
		</property>
		<property name="timeResultsCached" value="1" />
		<property name="maxResults" value="10" />
	</bean>

</beans>